state_code,year,pct_poverty,total_hospital_beds_per100k,total_doctors_per100k,total_outpatient_consultations_per100k
01,1990,,,,
01,1991,,,,
01,1992,,,,
01,1993,,,,
01,1994,,,,
01,1995,,,,
01,1996,,,,
01,1997,,,,
01,1998,,,,
01,1999,,,,
01,2000,,,,54803.872287587226
01,2001,,,,56395.8684522616
01,2002,,,,65795.94789447973
01,2003,,,,68848.04375287148
01,2004,,,,79649.7682386229
01,2005,,,,100283.33539312214
01,2006,,,,100718.36787392876
01,2007,,,,101805.47840211513
01,2008,,,,112102.17466939033
01,2009,,,,117895.82398147743
01,2010,,,,115076.54334041548
01,2011,,,,117595.46732142281
01,2012,,69.35382457115955,150.31928036323077,128017.68127573121
01,2013,,67.65470892238034,149.76819563731507,117756.38428493225
01,2014,,66.21031547624459,150.60195328006205,112528.97648245956
01,2015,,65.07274389078488,153.8691509828959,101958.20619358658
01,2016,28.94648,65.45210953245986,152.25842686768874,94797.25203523152
01,2017,,62.95095365298988,166.7660692201492,83594.26203856051
01,2018,26.265408,68.36503531839635,163.55237745425876,79636.77359496051
01,2019,,67.81133688588619,163.8890010568543,66881.1240808222
01,2020,27.626693,69.15971292194637,167.71402080972493,30418.186188661108
01,2021,,72.52256993369075,168.336564480917,34951.261166133045
01,2022,23.72232,70.01420403104768,169.8045637994375,42527.45911478976
01,2023,,70.5568230632119,175.46542020691814,43415.281178206285
01,2024,17.068482,70.51434957211056,178.93261272329818,31135.05883275552
01,2025,,,,
01,2026,,,,
02,1990,,,,
02,1991,,,,
02,1992,,,,
02,1993,,,,
02,1994,,,,
02,1995,,,,
02,1996,,,,
02,1997,,,,
02,1998,,,,
02,1999,,,,
02,2000,,,,29611.751814435756
02,2001,,,,34587.10139927191
02,2002,,,,35203.51432728174
02,2003,,,,36572.37222359838
02,2004,,,,39960.54323007337
02,2005,,,,47072.78689983165
02,2006,,,,48397.32984559985
02,2007,,,,48439.10210224101
02,2008,,,,48222.91477621691
02,2009,,,,50925.32043941237
02,2010,,,,51235.934161985366
02,2011,,,,54385.980609735365
02,2012,,66.03213624935637,114.56545153512522,54081.66096125841
02,2013,,64.88085529368385,113.99373320883767,52143.073139597254
02,2014,,65.44547538393634,113.25379803102527,48187.08870890969
02,2015,,63.1796138880065,122.01416139338058,46179.39487317397
02,2016,22.604867,62.195450707885065,117.54395866165474,45638.483141480465
02,2017,,60.94794576386649,114.19015033175171,36923.56658556095
02,2018,23.598687,58.59405829578107,106.76474254266098,36509.40525806151
02,2019,,56.639028377904935,108.55371418258257,31891.647999320543
02,2020,22.510117,58.198013400131664,109.07568581304892,16943.359056994195
02,2021,,57.044801634992965,109.02523827580224,18452.129539772617
02,2022,13.37082,59.495451219428794,110.6579933493761,23025.423477680088
02,2023,,59.294204477734745,111.00832562442183,27641.1728184196
02,2024,9.871686,64.00004715275922,121.81129465759238,16530.57856435566
02,2025,,,,
02,2026,,,,
03,1990,,,,
03,1991,,,,
03,1992,,,,
03,1993,,,,
03,1994,,,,
03,1995,,,,
03,1996,,,,
03,1997,,,,
03,1998,,,,
03,1999,,,,
03,2000,,,,78895.47255650132
03,2001,,,,75555.15775143431
03,2002,,,,71926.66526178662
03,2003,,,,77954.76416671967
03,2004,,,,78812.84108640724
03,2005,,,,82148.97660958348
03,2006,,,,82216.94480102696
03,2007,,,,76287.28188649328
03,2008,,,,74215.1051561063
03,2009,,,,79492.81313838346
03,2010,,,,85722.09176510289
03,2011,,,,85820.88430219272
03,2012,,98.7088645840514,194.48433051775953,88441.8226379174
03,2013,,96.53270009409789,192.92217659755175,85088.70553086541
03,2014,,94.92062647613474,196.56129730456223,84190.11565476331
03,2015,,92.96212375326019,206.3238888014184,82825.69259520403
03,2016,22.88005,93.06037408931387,204.59892317765696,89536.13085761495
03,2017,,90.38582959782237,199.50379489490356,83147.23458659617
03,2018,18.572164,89.0550680662621,197.84320157454485,79894.95346071839
03,2019,,89.37547476803744,201.1888317008416,71130.59348825083
03,2020,27.602224,92.74958348566675,208.9319321112308,32629.08263791593
03,2021,,86.67615576222121,200.52125910039524,36002.58225218554
03,2022,13.329031,95.7344587529321,188.40729889875934,42139.882999067384
03,2023,,98.98981983622313,202.47393882682658,48651.01882304677
03,2024,10.16824,100.67151966593308,218.49782743637493,30256.193217087075
03,2025,,,,
03,2026,,,,
04,1990,,,,
04,1991,,,,
04,1992,,,,
04,1993,,,,
04,1994,,,,
04,1995,,,,
04,1996,,,,
04,1997,,,,
04,1998,,,,
04,1999,,,,
04,2000,,,,104293.38586501875
04,2001,,,,103060.866416944
04,2002,,,,101504.98593082302
04,2003,,,,108898.63627193328
04,2004,,,,108871.5960440326
04,2005,,,,110258.89967637541
04,2006,,,,112686.62655487916
04,2007,,,,111076.11568168856
04,2008,,,,115079.77714687612
04,2009,,,,117024.90617536676
04,2010,,,,124449.04360376153
04,2011,,,,123850.14013131906
04,2012,,98.56936876634704,174.55947515249596,124179.41000502015
04,2013,,106.28295333897178,178.60034910294937,123271.80543808822
04,2014,,103.72068979229351,176.84432838920333,115219.21627365472
04,2015,,84.9439795000409,166.94381593653736,112714.99059509856
04,2016,45.660192,85.4451867502564,175.2221953889922,115058.82072646818
04,2017,,82.32838465028217,170.47579125228586,92344.32230484993
04,2018,48.964296,84.73485498541274,207.11772781877468,69060.94474000343
04,2019,,85.66637114260993,200.70712141766097,64928.80718657537
04,2020,50.549147,89.75924717226428,202.30435305729793,32784.272220737475
04,2021,,91.32575258791697,184.56297441604613,40818.78846831845
04,2022,45.129444,98.04906684154024,189.43460486860684,50326.142715863956
04,2023,,89.1305926289947,200.35967929823602,57940.35721689461
04,2024,36.749035,88.72277954746146,214.3173635821796,39183.100981607044
04,2025,,,,
04,2026,,,,
05,1990,,,,
05,1991,,,,
05,1992,,,,
05,1993,,,,
05,1994,,,,
05,1995,,,,
05,1996,,,,
05,1997,,,,
05,1998,,,,
05,1999,,,,
05,2000,,,,43200.555862236535
05,2001,,,,41334.19920162589
05,2002,,,,41747.627074486314
05,2003,,,,41384.14625782
05,2004,,,,39693.88102921674
05,2005,,,,40424.405580158986
05,2006,,,,44093.50611554044
05,2007,,,,48272.13900110829
05,2008,,,,51844.14754954522
05,2009,,,,60254.89582508983
05,2010,,,,62657.455912701174
05,2011,,,,62542.01253183831
05,2012,,91.80998304036807,130.4959051642252,54889.93509745743
05,2013,,92.16944337892907,140.6707198984911,50941.18003435593
05,2014,,90.16666398113684,138.27121702840753,47595.00733149643
05,2015,,88.32341282992854,148.7081250911405,45180.657006880276
05,2016,27.055713,90.93195264334635,140.34366187590294,42054.014300252915
05,2017,,93.17884869263182,142.69730596936913,22970.965030583313
05,2018,25.507705,93.24696819398696,141.9657100668659,22789.591015278747
05,2019,,91.70061961160044,145.42453434267256,19551.299381969446
05,2020,25.617041,91.86387006814253,150.13502769052917,8823.466855503168
05,2021,,91.37448381459085,151.41438668666967,12042.284671419955
05,2022,18.243322,93.90107335586063,148.82434267721305,11805.41767038585
05,2023,,93.55577679032834,148.09731730392934,11445.40207878946
05,2024,12.380682,91.54534799289429,158.0831862901687,7488.201069904624
05,2025,,,,
05,2026,,,,
06,1990,,,,
06,1991,,,,
06,1992,,,,
06,1993,,,,
06,1994,,,,
06,1995,,,,
06,1996,,,,
06,1997,,,,
06,1998,,,,
06,1999,,,,
06,2000,,,,83527.64976113745
06,2001,,,,83366.69139868619
06,2002,,,,96591.229743293
06,2003,,,,118007.33935898702
06,2004,,,,127989.92858833191
06,2005,,,,133356.6035340974
06,2006,,,,118747.93233682464
06,2007,,,,108780.55479712972
06,2008,,,,109222.54023963204
06,2009,,,,115916.10566238771
06,2010,,,,116792.72982108497
06,2011,,,,116493.07992476347
06,2012,,84.47279845485777,168.51091698627715,117814.34240896716
06,2013,,78.80601770717163,175.53542572319458,117290.3816828641
06,2014,,78.70174276132684,172.78038020071043,109767.96265930813
06,2015,,78.45184672608565,187.70433045906762,99533.98498089118
06,2016,32.533197,72.47331664250889,190.24245618658585,94917.12237009707
06,2017,,88.19546080080387,192.6374538543874,89119.7383079578
06,2018,30.41075,88.09041959000628,195.45486010725585,78112.58471407263
06,2019,,89.99770620538906,196.86154925586604,66755.76484557365
06,2020,26.693527,89.1129237896613,211.10636915833916,35146.72764996873
06,2021,,91.6726244963685,201.11851292570643,37551.83311840602
06,2022,20.547167,92.78867180593609,198.47204442157962,45198.71797428238
06,2023,,94.66533756708762,203.72191892052467,49224.655237290484
06,2024,14.976888,91.94805262943886,226.65654057584928,28426.245463262094
06,2025,,,,
06,2026,,,,
07,1990,,,,
07,1991,,,,
07,1992,,,,
07,1993,,,,
07,1994,,,,
07,1995,,,,
07,1996,,,,
07,1997,,,,
07,1998,,,,
07,1999,,,,
07,2000,,,,53632.54622075855
07,2001,,,,71918.02970262102
07,2002,,,,80931.18477359657
07,2003,,,,85665.04284642346
07,2004,,,,95212.38549148105
07,2005,,,,94939.74704365178
07,2006,,,,92286.00379551508
07,2007,,,,86025.12339308308
07,2008,,,,91898.88815932354
07,2009,,,,95920.3545640948
07,2010,,,,95595.33711109185
07,2011,,,,102980.41336567957
07,2012,,40.48919209538685,94.25384871506759,110044.94553745553
07,2013,,42.63961024408016,105.08576001753089,111822.76097031357
07,2014,,42.196954284121134,106.84871638372103,117036.47399235934
07,2015,,40.71445041804253,109.5558467473183,116631.08252167447
07,2016,77.912765,43.09256447885411,116.42327313882755,101076.87401769582
07,2017,,43.71588661055978,121.52364001816056,100875.7858030302
07,2018,77.995018,40.480420193926285,114.95722867461015,88096.12344450403
07,2019,,39.87125762126165,105.68007848193197,85007.92910422987
07,2020,75.49129,43.65505681281342,113.2581894786939,41280.25671622989
07,2021,,45.717323823669055,113.48958345036334,51648.58052462746
07,2022,67.37083,46.035379869490804,114.5682277078065,47715.50919837718
07,2023,,42.093034519315374,114.18765656658066,54368.59439199024
07,2024,65.968212,40.26108158484339,117.15029178086692,31901.07618352152
07,2025,,,,
07,2026,,,,
08,1990,,,,
08,1991,,,,
08,1992,,,,
08,1993,,,,
08,1994,,,,
08,1995,,,,
08,1996,,,,
08,1997,,,,
08,1998,,,,
08,1999,,,,
08,2000,,,,43499.50602033668
08,2001,,,,44764.35295994894
08,2002,,,,49400.71754719029
08,2003,,,,50420.117759529116
08,2004,,,,42993.71370984154
08,2005,,,,57140.17221441804
08,2006,,,,61676.441276370206
08,2007,,,,57550.990749446115
08,2008,,,,62517.910573250054
08,2009,,,,67879.04752328951
08,2010,,,,73190.10458791068
08,2011,,,,76738.9539119116
08,2012,,78.37503374205238,113.49792562501044,79672.68297256363
08,2013,,78.07714055176758,116.11904110827426,77275.59349576148
08,2014,,77.98385010167145,117.05932927761611,78464.53698342314
08,2015,,79.33078285648804,130.57962830780784,77690.81980204581
08,2016,30.701642,76.93161506634874,127.34451420719701,80728.16566487888
08,2017,,78.60658796266607,124.9317096811116,73750.81143375441
08,2018,26.642787,78.03686552548125,137.6018829505913,63896.15715955447
08,2019,,79.86130885136129,129.71171789224417,57160.11596444781
08,2020,25.304993,74.62046510188382,130.93334333518595,33571.81282092373
08,2021,,75.44346400248605,146.99273681420374,36530.31718706474
08,2022,17.572199,80.31759696727322,139.29241505343134,40499.64163627288
08,2023,,76.16638162320767,143.6700088349963,45184.673713049044
08,2024,15.112802,80.64548415314985,151.4073300064256,28813.808268426605
08,2025,,,,
08,2026,,,,
09,1990,,,,
09,1991,,,,
09,1992,,,,
09,1993,,,,
09,1994,,,,
09,1995,,,,
09,1996,,,,
09,1997,,,,
09,1998,,,,
09,1999,,,,
09,2000,,,,85506.91028012929
09,2001,,,,85800.79594303563
09,2002,,,,92982.3421611756
09,2003,,,,88802.44244159007
09,2004,,,,86301.94500826445
09,2005,,,,86475.8348659213
09,2006,,,,83125.69757339163
09,2007,,,,82041.22612450396
09,2008,,,,80091.18118256242
09,2009,,,,85256.52469956457
09,2010,,,,80668.92072014278
09,2011,,,,84439.7234118475
09,2012,,176.95778292892982,254.85128767631372,87886.09882191842
09,2013,,173.07481267586903,265.45008166978005,88514.55063970367
09,2014,,178.05864929279755,272.6567557317659,92772.70685834081
09,2015,,172.61372559924484,286.0396710002932,89790.27727349858
09,2016,26.599855,169.9171323703065,284.587003617331,85136.7252824776
09,2017,,167.16129047607822,280.8660073076423,81745.13705235934
09,2018,29.967806,168.1534998775853,278.5633976989476,74249.60209839046
09,2019,,166.34787426960577,273.7001570468639,69987.76954600902
09,2020,32.604471,178.3320026920707,274.01816408365823,37086.88464181391
09,2021,,169.6494712568113,286.62790967284536,45796.24441731807
09,2022,23.967605,174.3193394333014,290.29046800244737,53814.50075365537
09,2023,,167.9745147201088,305.8784465274441,30424.630681081893
09,2024,19.726075,170.5559463269194,306.32273861263633,37119.777471100126
09,2025,,,,
09,2026,,,,
10,1990,,,,
10,1991,,,,
10,1992,,,,
10,1993,,,,
10,1994,,,,
10,1995,,,,
10,1996,,,,
10,1997,,,,
10,1998,,,,
10,1999,,,,
10,2000,,,,56937.02547409502
10,2001,,,,61311.742753882514
10,2002,,,,67815.14810723039
10,2003,,,,76862.06488642165
10,2004,,,,81208.29489930013
10,2005,,,,87717.34565174449
10,2006,,,,83522.47325814885
10,2007,,,,82099.72945580311
10,2008,,,,80534.7223032755
10,2009,,,,90035.34549402508
10,2010,,,,94647.57097414913
10,2011,,,,100388.39087893446
10,2012,,90.97234301617672,143.329274656462,101769.87302139502
10,2013,,98.05143498132163,139.84478715120275,106269.6888996628
10,2014,,95.92461453822173,139.88065849426567,108223.73005684944
10,2015,,85.78981328296462,150.36939296311428,108866.71489203992
10,2016,37.193116,80.4225143188606,149.6091233337097,100487.18442603896
10,2017,,84.8816217279371,147.89729818226968,117167.01956178008
10,2018,38.787167,84.10080315721613,148.7853378812488,55802.41001704923
10,2019,,82.21737776393647,148.9986865800983,52806.52106210987
10,2020,38.691671,85.40729917579534,149.12641840965904,27570.627853973427
10,2021,,86.30157642074104,154.42314293872374,31295.550282164448
10,2022,34.311067,82.94919136479281,156.23955174532952,34806.0750862661
10,2023,,85.23488554887003,168.7850791041861,43240.989398549165
10,2024,27.883634,85.69454909513873,167.3133818308745,29202.873484538926
10,2025,,,,
10,2026,,,,
11,1990,,,,
11,1991,,,,
11,1992,,,,
11,1993,,,,
11,1994,,,,
11,1995,,,,
11,1996,,,,
11,1997,,,,
11,1998,,,,
11,1999,,,,
11,2000,,,,62023.55077523034
11,2001,,,,65708.75237286613
11,2002,,,,67807.83913897982
11,2003,,,,72679.66164805347
11,2004,,,,76203.04699025021
11,2005,,,,89054.58040306186
11,2006,,,,106167.61754677795
11,2007,,,,104792.61266437406
11,2008,,,,105537.95359730742
11,2009,,,,118903.68472237342
11,2010,,,,119568.72113655777
11,2011,,,,122140.75246012268
11,2012,,53.11186287432249,100.93680728367491,130544.15738306897
11,2013,,55.09312979606135,101.51435123862903,125198.17106545084
11,2014,,53.81754938596305,104.07091078685447,124211.46141504683
11,2015,,55.905620085388904,110.62495833393902,116978.44993731921
11,2016,39.351096,55.274594753646596,114.28932675709082,106942.0091719419
11,2017,,54.6825656567909,118.31765930416887,96275.81394220142
11,2018,41.488129,59.39734354029932,119.34691833035806,92085.24306539669
11,2019,,60.374482705574955,123.0822010167758,84514.00955114017
11,2020,42.742389,61.12551382138838,125.74619409888226,52076.192713583405
11,2021,,60.86577764590192,125.440563617101,52785.5445046128
11,2022,33.034305,62.80642697617003,125.4241988525368,57890.62531933806
11,2023,,58.73117920280988,125.99488391016372,61018.93924826271
11,2024,25.990139,59.384053599624046,127.42346029599764,43093.05908566763
11,2025,,,,
11,2026,,,,
12,1990,,,,
12,1991,,,,
12,1992,,,,
12,1993,,,,
12,1994,,,,
12,1995,,,,
12,1996,,,,
12,1997,,,,
12,1998,,,,
12,1999,,,,
12,2000,,,,119306.5780553248
12,2001,,,,126347.88352263748
12,2002,,,,141263.97400987186
12,2003,,,,151999.3387109855
12,2004,,,,159882.69305281914
12,2005,,,,171513.4434162964
12,2006,,,,172416.5454350182
12,2007,,,,170101.66911815575
12,2008,,,,161157.51952650378
12,2009,,,,173808.7243815305
12,2010,,,,170490.65253659256
12,2011,,,,169305.68732730622
12,2012,,50.976724766591765,111.91182465360794,185719.661866617
12,2013,,53.127400344880705,116.06938885873674,196186.96259187895
12,2014,,51.703697868442944,138.3018441910174,204047.17352193716
12,2015,,52.779266116871135,148.50555411324757,204918.16589978847
12,2016,66.828158,57.27628350379518,151.17183023132824,202301.84932802548
12,2017,,54.66582644802917,159.3244774878827,167399.3140918104
12,2018,67.890019,57.4602354401994,169.58384666784633,149907.32979378282
12,2019,,55.208429855609154,164.7375158204056,156098.3398076083
12,2020,66.405711,54.445125008507055,166.55763752602462,34512.848077267634
12,2021,,54.914332529627615,170.2177564493771,33321.9113744924
12,2022,60.354745,56.75077244106934,169.75231051755983,54464.76910380169
12,2023,,57.73795403437364,166.9711712536572,65672.30312287141
12,2024,58.061089,57.47583755160141,196.32725793675328,48663.04214922479
12,2025,,,,
12,2026,,,,
13,1990,,,,
13,1991,,,,
13,1992,,,,
13,1993,,,,
13,1994,,,,
13,1995,,,,
13,1996,,,,
13,1997,,,,
13,1998,,,,
13,1999,,,,
13,2000,,,,111070.82126274204
13,2001,,,,114989.75680890611
13,2002,,,,119177.61635038989
13,2003,,,,123553.2669390786
13,2004,,,,129692.9243554525
13,2005,,,,140732.50327124496
13,2006,,,,140737.2129214579
13,2007,,,,138863.59191559217
13,2008,,,,141504.51775583107
13,2009,,,,150974.94870671682
13,2010,,,,146837.63761287183
13,2011,,,,151374.1457346113
13,2012,,46.97428656022958,115.19376181474479,157773.28358803835
13,2013,,45.967226174180375,114.83040863496622,155513.4374368871
13,2014,,46.579598205146645,116.53544614056734,156982.23681662508
13,2015,,46.023300276617434,121.59158056772762,150217.93687336327
13,2016,56.902244,46.10382311746648,122.99961568929926,148430.24895391436
13,2017,,46.444906348278366,122.10462155037014,129412.44039598017
13,2018,49.869709,44.767594942014995,122.8734573682811,120366.89778578887
13,2019,,44.48928913094681,126.35991996451195,106573.88210564542
13,2020,50.750793,48.87919682214937,135.83944110312362,65076.995916510496
13,2021,,54.37076683047562,136.1327470030371,63282.632672429274
13,2022,40.999021,52.22028686051698,137.3211745113595,64780.61367300133
13,2023,,51.76899071535079,136.84238898246826,58429.779283171425
13,2024,35.309013,49.87141568345742,150.13501736156317,43549.17220495681
13,2025,,,,
13,2026,,,,
14,1990,,,,
14,1991,,,,
14,1992,,,,
14,1993,,,,
14,1994,,,,
14,1995,,,,
14,1996,,,,
14,1997,,,,
14,1998,,,,
14,1999,,,,
14,2000,,,,62781.892344946646
14,2001,,,,67798.22470944296
14,2002,,,,69688.23513855615
14,2003,,,,69912.94882521503
14,2004,,,,79236.99645619249
14,2005,,,,87020.07219742109
14,2006,,,,88797.85071971436
14,2007,,,,83535.24727032176
14,2008,,,,85013.59401437244
14,2009,,,,85921.46679033761
14,2010,,,,86700.17934979116
14,2011,,,,87308.18703713335
14,2012,,82.72547243334407,110.94201274974382,89407.87235017953
14,2013,,81.71551354944643,113.29060205334915,87055.79374204171
14,2014,,80.98510100673228,113.79444961971612,83784.88242876269
14,2015,,74.18956759111137,121.77536568056522,82913.32792883374
14,2016,30.468399,79.60928999601585,120.80304088802467,72980.53813470615
14,2017,,78.83074333368616,119.18790359438782,56886.14553635346
14,2018,27.801503,77.59195878257496,117.62508550429668,40149.202370278195
14,2019,,77.09487881774872,117.85045611699901,34644.41322712586
14,2020,31.415505,79.90444378255741,118.83405805261187,20703.126193776858
14,2021,,79.78121285405975,120.59326896171399,22465.293131222483
14,2022,21.836153,79.75267305011826,126.06403386869498,27173.87609091874
14,2023,,78.83912000110811,131.06273920323608,31536.75841058411
14,2024,18.63161,81.59017516890255,138.85180845751262,23207.50171609181
14,2025,,,,
14,2026,,,,
15,1990,,,,
15,1991,,,,
15,1992,,,,
15,1993,,,,
15,1994,,,,
15,1995,,,,
15,1996,,,,
15,1997,,,,
15,1998,,,,
15,1999,,,,
15,2000,,,,70870.76452673362
15,2001,,,,70346.55834936925
15,2002,,,,76078.62605063009
15,2003,,,,80244.01078590102
15,2004,,,,84088.04175924713
15,2005,,,,84786.19044386798
15,2006,,,,85739.08467894582
15,2007,,,,86002.48214324954
15,2008,,,,102003.29813990218
15,2009,,,,114008.85737485718
15,2010,,,,108795.50617652816
15,2011,,,,113168.02539393106
15,2012,,50.17148804743413,92.93795965904653,119691.89002474865
15,2013,,49.564264473780085,96.46955483899664,123986.91389902525
15,2014,,49.93229478058296,99.98031456736634,125745.10458860613
15,2015,,50.08187793483812,106.05113341056625,129930.61993723946
15,2016,46.645389,52.64855636786141,108.25456114721754,128294.96048998288
15,2017,,49.83383879479288,102.57223105805829,111311.53452124039
15,2018,41.774497,49.136370658059846,101.08355811537203,101046.71759811822
15,2019,,48.227934072116604,103.19389449639175,91540.87170109438
15,2020,48.864564,49.85847711302129,105.21101727305575,47185.11940855802
15,2021,,51.81293212384441,104.72469861575787,36241.81296104054
15,2022,42.875515,52.45792146260303,106.64775411970463,39704.86392011252
15,2023,,51.624972430493415,105.129813807266,39651.99568944336
15,2024,31.196035,53.65571265878588,110.80824281628232,27654.933140962956
15,2025,,,,
15,2026,,,,
16,1990,,,,
16,1991,,,,
16,1992,,,,
16,1993,,,,
16,1994,,,,
16,1995,,,,
16,1996,,,,
16,1997,,,,
16,1998,,,,
16,1999,,,,
16,2000,,,,76258.19722175882
16,2001,,,,73577.73043838512
16,2002,,,,81814.1447388531
16,2003,,,,87868.71078044565
16,2004,,,,89956.2820978747
16,2005,,,,98002.44035312773
16,2006,,,,97262.22094091785
16,2007,,,,92185.19244144701
16,2008,,,,88211.71091228895
16,2009,,,,89574.5786566882
16,2010,,,,91377.08695090222
16,2011,,,,91311.07746943187
16,2012,,55.6110691255461,107.16373675672295,90862.3883802481
16,2013,,54.06809192183621,108.70075026534622,91008.97573754088
16,2014,,54.0628221610672,109.41643991690718,90817.10803270704
16,2015,,53.45873077786083,117.5280802444584,89502.49007949852
16,2016,54.162504,53.25768337564596,117.03959422313271,84849.0590258512
16,2017,,55.166797815268225,118.01264511610344,78415.98508070386
16,2018,46.211511,55.52082009786592,116.74468516046733,80442.97982422041
16,2019,,54.64376102461845,117.24858868211419,53894.77470598238
16,2020,44.509289,57.09829291010207,124.89992789218485,39729.273764783604
16,2021,,57.15053087886987,123.55537586191082,37976.94935442933
16,2022,41.736278,57.9617774618658,123.47225526195419,39434.186146053886
16,2023,,56.01340120118749,124.42933696333031,30919.377263487808
16,2024,34.298645,56.79528929187737,133.2958832517714,28338.668769632786
16,2025,,,,
16,2026,,,,
17,1990,,,,
17,1991,,,,
17,1992,,,,
17,1993,,,,
17,1994,,,,
17,1995,,,,
17,1996,,,,
17,1997,,,,
17,1998,,,,
17,1999,,,,
17,2000,,,,76228.86613263807
17,2001,,,,82039.5466220017
17,2002,,,,90798.89378188318
17,2003,,,,82881.79412919906
17,2004,,,,87930.3607257256
17,2005,,,,96373.11740460238
17,2006,,,,96247.76620871093
17,2007,,,,97258.22814826583
17,2008,,,,98115.1177900978
17,2009,,,,98790.31419337321
17,2010,,,,99349.96090488622
17,2011,,,,96947.29888591674
17,2012,,53.77963833327001,122.22158602307334,98656.25821075946
17,2013,,55.75829701395065,131.45664726467837,100684.0809798268
17,2014,,55.32280309141534,137.08397304119285,115912.35785474512
17,2015,,57.11842932045035,139.9375766128617,124197.92128060652
17,2016,46.693382,56.91688447304323,138.0221663906053,115876.58905753719
17,2017,,51.7326367891209,139.24108526737845,82652.69512808655
17,2018,48.544145,52.86797397502026,141.18324282154407,78367.55613119538
17,2019,,52.28558769351814,141.20119363681388,57977.89252953358
17,2020,50.94579,52.72739437794157,141.1556286992811,30055.913007788276
17,2021,,53.17999436331895,139.17423618490307,34546.779971258904
17,2022,41.055886,58.25258120905587,142.03714482037878,34993.490583904044
17,2023,,58.89139412573116,145.7020361354837,37250.136272519434
17,2024,35.356535,59.73920242048962,158.4727900409221,28558.127564969443
17,2025,,,,
17,2026,,,,
18,1990,,,,
18,1991,,,,
18,1992,,,,
18,1993,,,,
18,1994,,,,
18,1995,,,,
18,1996,,,,
18,1997,,,,
18,1998,,,,
18,1999,,,,
18,2000,,,,102513.82228972201
18,2001,,,,100210.22192205618
18,2002,,,,99512.19410090812
18,2003,,,,101632.04347970284
18,2004,,,,107633.31813570252
18,2005,,,,126283.67159374223
18,2006,,,,122170.59749995016
18,2007,,,,121798.48598927235
18,2008,,,,126669.38674814258
18,2009,,,,135233.7842579742
18,2010,,,,122744.4987443032
18,2011,,,,113353.78884127183
18,2012,,63.41297898823589,155.78484246628514,108391.0984575905
18,2013,,63.65459745759077,156.3054940265908,109733.57719964381
18,2014,,61.828240809172875,152.3745169668687,110154.35943999831
18,2015,,61.81160556688166,159.40887751458953,102198.27428003243
18,2016,38.104346,61.82906577769476,157.3830765250412,94605.74464761153
18,2017,,57.72114619110127,154.96159985963266,109247.84591077657
18,2018,35.72054,58.0460433573051,163.48822575846017,48504.704656203205
18,2019,,55.52381359148818,168.42492076373046,50941.84988584981
18,2020,30.405441,57.3166545593882,186.4786978422435,27854.137895249427
18,2021,,70.43856902979765,199.14113960276123,31203.890802035206
18,2022,29.313162,70.9366849026869,195.21275139703036,47569.49957179895
18,2023,,76.65416915226052,200.5990152411979,59722.175000231815
18,2024,23.50221,80.3401780313907,229.94703046817247,43966.31516565962
18,2025,,,,
18,2026,,,,
19,1990,,,,
19,1991,,,,
19,1992,,,,
19,1993,,,,
19,1994,,,,
19,1995,,,,
19,1996,,,,
19,1997,,,,
19,1998,,,,
19,1999,,,,
19,2000,,,,55032.86637834581
19,2001,,,,56337.034278636536
19,2002,,,,57286.02110823902
19,2003,,,,56989.654350876095
19,2004,,,,56847.68998339116
19,2005,,,,58216.39894256545
19,2006,,,,57908.25285986648
19,2007,,,,53737.725688945204
19,2008,,,,53028.54782543443
19,2009,,,,54824.24996990416
19,2010,,,,53804.93010678834
19,2011,,,,54144.67327074489
19,2012,,69.43199104202249,94.52594713042342,54817.26294734163
19,2013,,80.60252811598856,110.92979770880838,53628.833760300695
19,2014,,80.90850241309803,113.19820915274524,55512.0177828045
19,2015,,78.86111860119782,120.08613388730437,52322.5957138137
19,2016,18.84034,77.01014464481875,116.08078629341811,49398.36403973004
19,2017,,75.36760945276019,113.87515336484785,48291.7188141849
19,2018,19.383269,72.06797616966396,113.37846434933154,40492.62182660943
19,2019,,70.4888800036876,110.5240778309106,37456.21635787427
19,2020,24.330403,69.45513278002889,110.14276907218137,22830.03082812293
19,2021,,69.86936263466528,112.85819721036148,21774.128192104396
19,2022,16.040446,69.05096187382885,113.5100036125022,22714.665807453304
19,2023,,69.74997230800336,115.78237428196306,25112.71489110314
19,2024,10.579545,69.35418492663278,122.04751308574761,15479.647994617799
19,2025,,,,
19,2026,,,,
20,1990,,,,
20,1991,,,,
20,1992,,,,
20,1993,,,,
20,1994,,,,
20,1995,,,,
20,1996,,,,
20,1997,,,,
20,1998,,,,
20,1999,,,,
20,2000,,,,72067.49363535405
20,2001,,,,81434.71488831322
20,2002,,,,87753.58627528946
20,2003,,,,90299.30219688007
20,2004,,,,94281.71432272182
20,2005,,,,103323.5681919604
20,2006,,,,97460.0445416207
20,2007,,,,105729.4936273484
20,2008,,,,124579.69988958619
20,2009,,,,134093.4653634296
20,2010,,,,129875.48818088385
20,2011,,,,134534.96042635565
20,2012,,52.580776840686035,115.31004652945468,131142.5767552171
20,2013,,54.54759695991388,120.20442991395211,126786.61479360786
20,2014,,56.049396781679796,123.64056064257426,128797.00607552675
20,2015,,54.068833386853036,124.31651732784401,104373.84651926045
20,2016,67.977609,56.03878323319606,129.02349917394682,91426.01732978006
20,2017,,57.12054253600656,128.13920433873574,69459.6954541265
20,2018,64.335959,56.656282090472274,129.30736490716632,60467.38060326896
20,2019,,57.38918671939104,127.57671228616607,63769.481583549226
20,2020,61.664248,52.82504587406899,132.59776260600387,31460.561382061132
20,2021,,53.96393276255064,127.9925938174105,28861.441561893407
20,2022,58.440346,50.040781823604824,133.46564455307032,42954.45110869546
20,2023,,52.726719633442904,132.83392205658058,49758.52097693376
20,2024,51.613765,51.316651591965076,136.63551692532718,32077.525975718472
20,2025,,,,
20,2026,,,,
21,1990,,,,
21,1991,,,,
21,1992,,,,
21,1993,,,,
21,1994,,,,
21,1995,,,,
21,1996,,,,
21,1997,,,,
21,1998,,,,
21,1999,,,,
21,2000,,,,56878.98237143949
21,2001,,,,62021.04073439363
21,2002,,,,67895.49338475411
21,2003,,,,73871.01582001029
21,2004,,,,80451.31987356034
21,2005,,,,90028.94224580772
21,2006,,,,87185.52700993266
21,2007,,,,86680.00582683651
21,2008,,,,82484.90223813505
21,2009,,,,84554.2320434068
21,2010,,,,86075.76554481439
21,2011,,,,93524.40953986607
21,2012,,59.383473697250466,92.35244419362682,96416.6235710442
21,2013,,56.80018916145001,88.61282358074733,94867.03871437494
21,2014,,63.85263508338863,102.95977811169371,105050.92395417945
21,2015,,62.61550951121065,107.83255924396587,109421.36069848973
21,2016,58.126089,63.82693506022906,107.47581950117299,105403.06709490535
21,2017,,63.220964676635866,110.04273817433959,104498.33053765434
21,2018,58.009442,61.171087848207875,106.6682279626277,99591.16611426674
21,2019,,61.969808213011014,109.55080853800219,83781.11655039857
21,2020,62.4321,54.97212096193158,102.14434521656794,36551.55381250152
21,2021,,54.25639735746044,106.02709120904323,36090.13634379647
21,2022,54.017265,55.459622537559795,105.27804172585657,49384.266317547
21,2023,,57.41650899807613,113.35634529877359,45659.458139296854
21,2024,43.442769,57.45842062024763,125.97644261984073,34534.42798110625
21,2025,,,,
21,2026,,,,
22,1990,,,,
22,1991,,,,
22,1992,,,,
22,1993,,,,
22,1994,,,,
22,1995,,,,
22,1996,,,,
22,1997,,,,
22,1998,,,,
22,1999,,,,
22,2000,,,,84870.22404602183
22,2001,,,,95960.72889630328
22,2002,,,,107400.7360189262
22,2003,,,,109648.98069998957
22,2004,,,,109599.90458605145
22,2005,,,,108448.51825050496
22,2006,,,,106439.18220122764
22,2007,,,,100776.73691749798
22,2008,,,,92610.53872557177
22,2009,,,,89201.61474263322
22,2010,,,,94944.78195056997
22,2011,,,,99123.57297291652
22,2012,,45.1592909889375,106.06826698417488,105020.32677793044
22,2013,,43.76361078168082,106.74537146293933,100144.68379173103
22,2014,,41.96288961715435,106.70841536055956,100201.92815096513
22,2015,,40.727996320239775,109.5573607309014,97908.20441276924
22,2016,29.688086,41.5416038470937,108.81041629205454,94726.19887408883
22,2017,,40.06978858821375,111.6133887714155,87268.01495162748
22,2018,26.373469,38.32112581465015,109.74370082901515,81118.73328887908
22,2019,,38.01839176705171,124.5007178667411,75938.62926570373
22,2020,31.325296,48.47469996722895,122.73645260244672,42035.08609528233
22,2021,,52.62550940356132,125.14800924519753,44833.36067477598
22,2022,21.690722,51.31141122727168,121.68020751020447,51526.384909740555
22,2023,,51.95637853486141,120.95788953112204,57114.48582146006
22,2024,16.32601,51.25258085132992,129.2439707246486,26653.06836465137
22,2025,,,,
22,2026,,,,
23,1990,,,,
23,1991,,,,
23,1992,,,,
23,1993,,,,
23,1994,,,,
23,1995,,,,
23,1996,,,,
23,1997,,,,
23,1998,,,,
23,1999,,,,
23,2000,,,,77078.10129630596
23,2001,,,,81364.96069543173
23,2002,,,,84103.92798690671
23,2003,,,,87811.43117363796
23,2004,,,,92685.92632743527
23,2005,,,,86982.83159797793
23,2006,,,,88189.74003531538
23,2007,,,,85019.84258218136
23,2008,,,,78529.20696880341
23,2009,,,,80083.64735727303
23,2010,,,,85073.98478848039
23,2011,,,,86473.13945480507
23,2012,,67.91276296902252,134.56268530432354,87050.62166838086
23,2013,,63.27800546634593,129.83254196007547,87074.63118547623
23,2014,,60.57184878447392,132.57987538555543,92065.81919269892
23,2015,,58.45328367269247,132.21116747090838,90181.97040939162
23,2016,31.652853,54.30538116398437,128.52068073428765,83204.22706676357
23,2017,,58.03511862661633,127.75991526754603,78781.93555090854
23,2018,30.192065,58.28900822101381,125.57602839070839,72701.05039056465
23,2019,,56.856750313608146,127.12669769260427,65945.95621975922
23,2020,47.480294,60.4243612902682,129.80438205686212,30643.790751543136
23,2021,,53.49269612998931,126.65789923442452,31667.93427833654
23,2022,26.966015,53.713379942250526,118.85729083266361,25024.8209427558
23,2023,,60.01170525340091,118.93408912431434,26713.527291956947
23,2024,17.746852,58.70563297529366,128.57018792109767,20122.44733595293
23,2025,,,,
23,2026,,,,
24,1990,,,,
24,1991,,,,
24,1992,,,,
24,1993,,,,
24,1994,,,,
24,1995,,,,
24,1996,,,,
24,1997,,,,
24,1998,,,,
24,1999,,,,
24,2000,,,,56588.2316965958
24,2001,,,,63014.48450021145
24,2002,,,,63312.82436506932
24,2003,,,,65826.97913893608
24,2004,,,,74338.68206929561
24,2005,,,,83128.96480560517
24,2006,,,,84721.08913719763
24,2007,,,,90980.78752513116
24,2008,,,,96773.04564531529
24,2009,,,,97912.8458289092
24,2010,,,,100965.20792078458
24,2011,,,,103552.52525252526
24,2012,,74.09196651472203,102.09377313062048,105867.06281023468
24,2013,,88.61289524425828,103.7294279728327,105128.23797595117
24,2014,,87.57008597164193,104.38818195295065,105079.71741249245
24,2015,,66.86551367992917,108.67443433033648,108435.22834752667
24,2016,44.137187,66.59001970921763,114.61338512953812,102028.22845554001
24,2017,,68.82637199518783,113.84733388276173,91674.74075695527
24,2018,42.068167,71.2321756548091,114.16180947349166,87357.68103846008
24,2019,,63.80141581714836,111.52991733129393,73252.3244445565
24,2020,42.846151,73.82394451782343,111.08414293012112,34833.932688581
24,2021,,74.74546000164945,111.85829619162004,33625.546383421686
24,2022,35.522759,77.12270701045752,107.26973572137263,38625.88053585999
24,2023,,76.42307267151863,101.26057128976218,46476.99870217246
24,2024,30.40515,76.39111846679168,121.69125470551359,32868.17525029256
24,2025,,,,
24,2026,,,,
25,1990,,,,
25,1991,,,,
25,1992,,,,
25,1993,,,,
25,1994,,,,
25,1995,,,,
25,1996,,,,
25,1997,,,,
25,1998,,,,
25,1999,,,,
25,2000,,,,52108.50203119603
25,2001,,,,54530.112958680766
25,2002,,,,63358.38574719199
25,2003,,,,80694.05270520624
25,2004,,,,83781.55828399914
25,2005,,,,95328.75977191242
25,2006,,,,93241.73898931482
25,2007,,,,89953.21719004425
25,2008,,,,94368.06614580698
25,2009,,,,97815.89868665635
25,2010,,,,92036.2748907288
25,2011,,,,95903.69289005318
25,2012,,70.48612422449813,136.131262810587,107531.40632349458
25,2013,,70.75875732725552,137.6240902082745,105280.803927822
25,2014,,73.74633732650648,147.39243042465796,109566.54061511863
25,2015,,73.52025582399648,151.34575185390267,101649.10570225754
25,2016,30.458042,75.93813103169025,154.18441194276315,90799.87944862916
25,2017,,78.0382081638809,159.4279520046948,82637.36942564865
25,2018,30.984255,77.96941713441771,155.51330848262742,79234.60349507241
25,2019,,71.94089758499038,152.98039463789206,59275.12534217583
25,2020,28.071395,81.88915221998504,160.3364923323894,27231.292695922722
25,2021,,81.40338006466419,161.06309391612257,29431.0191115504
25,2022,21.638811,80.80885819007398,165.24128819581398,17340.009684236178
25,2023,,81.87230148353375,171.1904321731098,31554.978698246316
25,2024,16.99861,81.05668092160751,187.38434576265618,8659.955535703793
25,2025,,,,
25,2026,,,,
26,1990,,,,
26,1991,,,,
26,1992,,,,
26,1993,,,,
26,1994,,,,
26,1995,,,,
26,1996,,,,
26,1997,,,,
26,1998,,,,
26,1999,,,,
26,2000,,,,58487.14815908452
26,2001,,,,58526.870604274496
26,2002,,,,62801.62381273007
26,2003,,,,66718.25364160645
26,2004,,,,69655.33451392943
26,2005,,,,74870.05000530243
26,2006,,,,71583.16946853517
26,2007,,,,68215.12828305297
26,2008,,,,71248.77208801488
26,2009,,,,70406.9043124837
26,2010,,,,69884.33122413502
26,2011,,,,74668.34957742329
26,2012,,89.39012645747108,119.30626096327804,75355.84077594212
26,2013,,96.35463024970261,127.64869271349897,71017.10647893055
26,2014,,101.10927434490705,145.82599236783562,69291.95276827156
26,2015,,98.1629456609805,163.110530580034,65868.88865817875
26,2016,27.00777,99.49284668344053,154.54601167551638,64014.642498509835
26,2017,,99.37585704024552,163.78991358857715,60213.98118320528
26,2018,26.664019,97.74441423096526,160.7345084053779,48453.702956278794
26,2019,,96.45588350705006,167.0538093701726,43280.48606252729
26,2020,29.924023,91.09725056173862,146.95468719502404,22225.197732661047
26,2021,,93.01796506585163,158.85471175839007,26856.994716196004
26,2022,21.69311,103.33679865023066,177.96346865548762,25935.635562279345
26,2023,,106.53093355883409,181.81322593059622,9002.334400048803
26,2024,14.114265,99.39891454971296,195.9376598802457,7069.117113967139
26,2025,,,,
26,2026,,,,
27,1990,,,,
27,1991,,,,
27,1992,,,,
27,1993,,,,
27,1994,,,,
27,1995,,,,
27,1996,,,,
27,1997,,,,
27,1998,,,,
27,1999,,,,
27,2000,,,,155974.26384986727
27,2001,,,,170753.7836787373
27,2002,,,,183884.56639821135
27,2003,,,,193089.70813627768
27,2004,,,,209339.07326021363
27,2005,,,,226439.26321592258
27,2006,,,,227215.15035832737
27,2007,,,,227464.65524566482
27,2008,,,,216461.94285714286
27,2009,,,,210928.23766723397
27,2010,,,,200587.83779927017
27,2011,,,,201010.56111053785
27,2012,,63.95302854159031,156.69342431898954,195993.1981872038
27,2013,,64.94899618183707,151.43591754913496,182918.33019902048
27,2014,,65.74266066456698,164.99713641333497,173019.88973745084
27,2015,,64.70017471915453,167.75333457898586,164977.57825484083
27,2016,53.843615,64.62104257463321,169.48708887929118,159955.85319407907
27,2017,,63.556176666539876,170.4647003514403,123568.83064405638
27,2018,56.351365,64.76225542839025,170.2719564706003,59679.2161435161
27,2019,,65.14681988521711,189.95354962132132,70879.6171938468
27,2020,54.477787,70.5607861504174,192.46458336150437,43273.061637428196
27,2021,,73.26703397108552,200.1021397332163,59241.45480726347
27,2022,46.474094,76.57753189061917,213.59165378456052,78833.01398786283
27,2023,,70.2708626043726,211.260691864508,91823.6490579427
27,2024,34.803927,73.85575378165427,236.8015339896935,70479.22959267617
27,2025,,,,
27,2026,,,,
28,1990,,,,
28,1991,,,,
28,1992,,,,
28,1993,,,,
28,1994,,,,
28,1995,,,,
28,1996,,,,
28,1997,,,,
28,1998,,,,
28,1999,,,,
28,2000,,,,58207.82121313046
28,2001,,,,60840.68446962127
28,2002,,,,63153.46398390673
28,2003,,,,63052.838755467856
28,2004,,,,70661.77678177951
28,2005,,,,76758.13845133311
28,2006,,,,74872.03470310046
28,2007,,,,74083.26915605467
28,2008,,,,79523.24077454809
28,2009,,,,86505.97873461533
28,2010,,,,85971.12014647647
28,2011,,,,95627.34279752432
28,2012,,88.74937148106538,137.15010486825568,105001.37972946724
28,2013,,88.03615413421036,140.13681074203896,107853.91231738604
28,2014,,87.83366934294024,144.37425491800894,115039.13362780116
28,2015,,87.05326276885945,153.70743475433667,118783.13423744543
28,2016,32.043421,86.54395003521708,155.813204856576,109479.0344013622
28,2017,,84.60332545059116,152.55734963476124,97837.00418861369
28,2018,34.54683,83.70920933460317,153.4153329289872,84484.80594900572
28,2019,,83.60857870451179,150.433903068874,73953.06059426146
28,2020,34.94246,96.58031168771939,152.1424950312447,38813.66117802396
28,2021,,95.19775898732556,152.3219362914951,34246.95204274843
28,2022,26.822748,93.90388567708398,149.58916365585623,27684.34386781618
28,2023,,85.49517743166084,150.91214753249685,33106.33201540704
28,2024,20.153193,91.45641106751688,167.25763647582943,25850.880859733305
28,2025,,,,
28,2026,,,,
29,1990,,,,
29,1991,,,,
29,1992,,,,
29,1993,,,,
29,1994,,,,
29,1995,,,,
29,1996,,,,
29,1997,,,,
29,1998,,,,
29,1999,,,,
29,2000,,,,127829.45884702617
29,2001,,,,127850.01631157374
29,2002,,,,130391.98192054646
29,2003,,,,133530.15163161204
29,2004,,,,133063.58434974862
29,2005,,,,143590.62037138655
29,2006,,,,139696.9651052618
29,2007,,,,143597.85538307443
29,2008,,,,144370.1342672665
29,2009,,,,166927.41828745577
29,2010,,,,164999.16586033165
29,2011,,,,172042.38109901917
29,2012,,41.404971169276386,146.6459561412818,182074.62220978734
29,2013,,53.78879250084711,145.1744502445771,182563.979833547
29,2014,,52.88774052855123,145.69368756470206,186387.7362571478
29,2015,,52.621742354145084,147.75449927386592,183632.49342802694
29,2016,55.93331,52.07591106313693,148.1169289918043,167749.39585879014
29,2017,,51.35536107924342,147.90944638320107,160715.92676905703
29,2018,50.965523,53.084673027409984,145.87132840305097,131073.4181845488
29,2019,,51.68613118264053,140.33300004859382,104728.76561443914
29,2020,59.287522,51.68071827438958,145.04178984634476,57949.48720756232
29,2021,,51.71533388621903,145.36789231042238,64012.71878519667
29,2022,52.519981,57.561898754139726,151.32399535490532,72410.93317658528
29,2023,,51.950074138559486,136.4574154484233,92231.8360529268
29,2024,40.805193,51.59046121732516,190.4932341696627,67045.22973484041
29,2025,,,,
29,2026,,,,
30,1990,,,,
30,1991,,,,
30,1992,,,,
30,1993,,,,
30,1994,,,,
30,1995,,,,
30,1996,,,,
30,1997,,,,
30,1998,,,,
30,1999,,,,
30,2000,,,,68390.45776661893
30,2001,,,,70596.63614495556
30,2002,,,,70668.48546586563
30,2003,,,,71796.93715043542
30,2004,,,,74563.97451555089
30,2005,,,,83308.40446340642
30,2006,,,,88363.74818929257
30,2007,,,,87492.90401598762
30,2008,,,,84553.92842826739
30,2009,,,,82785.68872838946
30,2010,,,,78248.6089193122
30,2011,,,,74242.55812927455
30,2012,,62.288978920111326,116.50161127482947,76983.18621983042
30,2013,,62.20505955869199,117.14340351245148,73837.03557482928
30,2014,,62.11659268579257,118.65502014120447,72761.58726508539
30,2015,,61.472006929924824,129.75400514888753,30208.623658273907
30,2016,60.491908,62.5171609485364,126.72233381856591,49953.31250480446
30,2017,,61.35854610298404,127.82726261311727,68784.17122282971
30,2018,60.155337,60.93519123703436,127.09966773925932,69294.96557570042
30,2019,,62.82301520673584,129.45644657686623,61245.14874179325
30,2020,58.603154,63.27357577227976,134.44257742444353,29642.50123664403
30,2021,,65.3434786152633,133.5840192168505,28008.120121028445
30,2022,51.732426,63.258977088200965,132.6532757637707,37717.83004372309
30,2023,,64.40319622843471,136.59085363934014,43431.43968014104
30,2024,44.501788,66.32850734282783,153.3762145308276,33100.20132319897
30,2025,,,,
30,2026,,,,
31,1990,,,,
31,1991,,,,
31,1992,,,,
31,1993,,,,
31,1994,,,,
31,1995,,,,
31,1996,,,,
31,1997,,,,
31,1998,,,,
31,1999,,,,
31,2000,,,,76350.8152853131
31,2001,,,,77552.62173322617
31,2002,,,,81818.52171184043
31,2003,,,,94946.22029829303
31,2004,,,,102689.51698760121
31,2005,,,,110777.24778204027
31,2006,,,,105614.75145306236
31,2007,,,,91315.44524165019
31,2008,,,,101252.32102331339
31,2009,,,,109653.62659913194
31,2010,,,,119879.11366747077
31,2011,,,,114568.45997097704
31,2012,,89.26159234517463,123.76117349110494,109922.80840195996
31,2013,,86.38496394325107,125.86839621648215,115082.52755225691
31,2014,,83.55626011427061,131.25551419418457,118747.4581628946
31,2015,,86.38881745267648,149.14952739142907,120971.7326133801
31,2016,45.504568,79.7861076538649,154.10741341362947,119102.3061008593
31,2017,,79.59070191227605,153.24113258194112,110788.42585045256
31,2018,44.03003,78.8518470169032,153.67348851960915,82543.909527143
31,2019,,83.50359241651576,161.24831639051317,78887.04280386411
31,2020,49.485626,93.77421319161127,166.3476678954079,41016.10453624293
31,2021,,94.65442976875542,162.957869367685,47088.04827836015
31,2022,38.772625,82.8788287560615,163.19609849772826,37118.10563621482
31,2023,,78.33213313771368,164.085634433191,33824.92421641362
31,2024,26.64023,80.81662237255375,168.1162921800757,19423.33091729081
31,2025,,,,
31,2026,,,,
32,1990,,,,
32,1991,,,,
32,1992,,,,
32,1993,,,,
32,1994,,,,
32,1995,,,,
32,1996,,,,
32,1997,,,,
32,1998,,,,
32,1999,,,,
32,2000,,,,78941.95560370671
32,2001,,,,81357.22740502754
32,2002,,,,89241.54017322119
32,2003,,,,95756.81968921062
32,2004,,,,98519.30959658482
32,2005,,,,107589.9690351906
32,2006,,,,111599.31807240499
32,2007,,,,107244.23625187456
32,2008,,,,105911.54725024734
32,2009,,,,124477.66005558927
32,2010,,,,113372.68038496304
32,2011,,,,119730.64962762159
32,2012,,64.36853318367277,122.47279998005662,122087.61151832395
32,2013,,63.1049133397091,129.62090307615924,117387.26708349178
32,2014,,62.41982738637124,134.3369658465447,115206.81956920946
32,2015,,61.929830216797804,138.30375496864454,110033.25241334163
32,2016,50.194574,62.07554458023727,139.8859438999979,105582.54134564477
32,2017,,61.47150488391107,144.58097948695882,99598.0378295641
32,2018,49.232148,61.16114338890283,146.99490017693265,94267.68867202566
32,2019,,59.39125789952511,150.24646762261796,89470.9177961575
32,2020,45.77076,58.8936017262504,149.90546666197136,45072.91270753923
32,2021,,65.12009462348443,151.9871596221585,50515.433402017516
32,2022,44.215888,65.90439844396057,153.2172320512459,54476.61173434111
32,2023,,66.13139648951018,156.08910923445035,41147.92933863256
32,2024,36.427595,63.00596142386407,172.00038627953919,32592.983844564882
32,2025,,,,
32,2026,,,,
